{
  "backprop" : true,
  "backpropType" : "Standard",
  "cacheMode" : "NONE",
  "confs" : [ {
    "cacheMode" : "NONE",
    "iterationCount" : 0,
    "l1ByParam" : {
      "b" : 0.0,
      "W" : 0.0
    },
    "l2ByParam" : {
      "b" : 0.0,
      "W" : 0.0
    },
    "layer" : {
      "FrozenLayer" : {
        "layer" : {
          "convolution" : {
            "activationFn" : {
              "ReLU" : { }
            },
            "adamMeanDecay" : "NaN",
            "adamVarDecay" : "NaN",
            "biasInit" : 0.0,
            "biasLearningRate" : 5.0E-5,
            "convolutionMode" : "Truncate",
            "cudnnAlgoMode" : "PREFER_FASTEST",
            "cudnnBwdDataAlgo" : null,
            "cudnnBwdFilterAlgo" : null,
            "cudnnFwdAlgo" : null,
            "dist" : null,
            "dropOut" : 0.0,
            "epsilon" : "NaN",
            "gradientNormalization" : "None",
            "gradientNormalizationThreshold" : 1.0,
            "iupdater" : {
              "@class" : "org.nd4j.linalg.learning.config.Nesterovs",
              "learningRate" : 0.001,
              "momentum" : 0.9
            },
            "kernelSize" : [ 5, 5 ],
            "l1" : 0.0,
            "l1Bias" : 0.0,
            "l2" : 5.0E-4,
            "l2Bias" : 0.0,
            "layerName" : "layer0",
            "learningRate" : 5.0E-5,
            "learningRateSchedule" : {
              "0" : 0.01,
              "1000" : 0.005,
              "3000" : 0.001
            },
            "momentum" : 0.9,
            "momentumSchedule" : { },
            "nin" : 1,
            "nout" : 20,
            "padding" : [ 0, 0 ],
            "rho" : "NaN",
            "rmsDecay" : "NaN",
            "stride" : [ 1, 1 ],
            "updater" : "NESTEROVS",
            "weightInit" : "XAVIER"
          }
        },
        "dropOut" : 0.0,
        "layerName" : "layer0"
      }
    },
    "leakyreluAlpha" : 0.0,
    "learningRateByParam" : {
      "b" : 0.0,
      "W" : 0.0
    },
    "learningRatePolicy" : "Schedule",
    "lrPolicyDecayRate" : "NaN",
    "lrPolicyPower" : "NaN",
    "lrPolicySteps" : "NaN",
    "maxNumLineSearchIterations" : 5,
    "miniBatch" : true,
    "minimize" : true,
    "numIterations" : 1,
    "optimizationAlgo" : "STOCHASTIC_GRADIENT_DESCENT",
    "pretrain" : false,
    "seed" : 123,
    "stepFunction" : null,
    "useDropConnect" : false,
    "useRegularization" : true,
    "variables" : [ "W", "b" ]
  }, {
    "cacheMode" : "NONE",
    "iterationCount" : 0,
    "l1ByParam" : { },
    "l2ByParam" : { },
    "layer" : {
      "FrozenLayer" : {
        "layer" : {
          "subsampling" : {
            "convolutionMode" : "Truncate",
            "dropOut" : 0.0,
            "eps" : 1.0E-8,
            "kernelSize" : [ 2, 2 ],
            "layerName" : "layer1",
            "padding" : [ 0, 0 ],
            "pnorm" : 0,
            "poolingType" : "MAX",
            "stride" : [ 2, 2 ]
          }
        },
        "dropOut" : 0.0,
        "layerName" : "layer1"
      }
    },
    "leakyreluAlpha" : 0.0,
    "learningRateByParam" : { },
    "learningRatePolicy" : "Schedule",
    "lrPolicyDecayRate" : "NaN",
    "lrPolicyPower" : "NaN",
    "lrPolicySteps" : "NaN",
    "maxNumLineSearchIterations" : 5,
    "miniBatch" : true,
    "minimize" : true,
    "numIterations" : 1,
    "optimizationAlgo" : "STOCHASTIC_GRADIENT_DESCENT",
    "pretrain" : false,
    "seed" : 123,
    "stepFunction" : null,
    "useDropConnect" : false,
    "useRegularization" : true,
    "variables" : [ ]
  }, {
    "cacheMode" : "NONE",
    "iterationCount" : 0,
    "l1ByParam" : {
      "b" : 0.0,
      "W" : 0.0
    },
    "l2ByParam" : {
      "b" : 0.0,
      "W" : 0.0
    },
    "layer" : {
      "FrozenLayer" : {
        "layer" : {
          "convolution" : {
            "activationFn" : {
              "ReLU" : { }
            },
            "adamMeanDecay" : "NaN",
            "adamVarDecay" : "NaN",
            "biasInit" : 0.0,
            "biasLearningRate" : 5.0E-5,
            "convolutionMode" : "Truncate",
            "cudnnAlgoMode" : "PREFER_FASTEST",
            "cudnnBwdDataAlgo" : null,
            "cudnnBwdFilterAlgo" : null,
            "cudnnFwdAlgo" : null,
            "dist" : null,
            "dropOut" : 0.0,
            "epsilon" : "NaN",
            "gradientNormalization" : "None",
            "gradientNormalizationThreshold" : 1.0,
            "iupdater" : {
              "@class" : "org.nd4j.linalg.learning.config.Nesterovs",
              "learningRate" : 0.001,
              "momentum" : 0.9
            },
            "kernelSize" : [ 5, 5 ],
            "l1" : 0.0,
            "l1Bias" : 0.0,
            "l2" : 5.0E-4,
            "l2Bias" : 0.0,
            "layerName" : "layer2",
            "learningRate" : 5.0E-5,
            "learningRateSchedule" : {
              "0" : 0.01,
              "1000" : 0.005,
              "3000" : 0.001
            },
            "momentum" : 0.9,
            "momentumSchedule" : { },
            "nin" : 20,
            "nout" : 50,
            "padding" : [ 0, 0 ],
            "rho" : "NaN",
            "rmsDecay" : "NaN",
            "stride" : [ 1, 1 ],
            "updater" : "NESTEROVS",
            "weightInit" : "XAVIER"
          }
        },
        "dropOut" : 0.0,
        "layerName" : "layer2"
      }
    },
    "leakyreluAlpha" : 0.0,
    "learningRateByParam" : {
      "b" : 0.0,
      "W" : 0.0
    },
    "learningRatePolicy" : "Schedule",
    "lrPolicyDecayRate" : "NaN",
    "lrPolicyPower" : "NaN",
    "lrPolicySteps" : "NaN",
    "maxNumLineSearchIterations" : 5,
    "miniBatch" : true,
    "minimize" : true,
    "numIterations" : 1,
    "optimizationAlgo" : "STOCHASTIC_GRADIENT_DESCENT",
    "pretrain" : false,
    "seed" : 123,
    "stepFunction" : null,
    "useDropConnect" : false,
    "useRegularization" : true,
    "variables" : [ "W", "b" ]
  }, {
    "cacheMode" : "NONE",
    "iterationCount" : 0,
    "l1ByParam" : { },
    "l2ByParam" : { },
    "layer" : {
      "FrozenLayer" : {
        "layer" : {
          "subsampling" : {
            "convolutionMode" : "Truncate",
            "dropOut" : 0.0,
            "eps" : 1.0E-8,
            "kernelSize" : [ 2, 2 ],
            "layerName" : "layer3",
            "padding" : [ 0, 0 ],
            "pnorm" : 0,
            "poolingType" : "MAX",
            "stride" : [ 2, 2 ]
          }
        },
        "dropOut" : 0.0,
        "layerName" : "layer3"
      }
    },
    "leakyreluAlpha" : 0.0,
    "learningRateByParam" : { },
    "learningRatePolicy" : "Schedule",
    "lrPolicyDecayRate" : "NaN",
    "lrPolicyPower" : "NaN",
    "lrPolicySteps" : "NaN",
    "maxNumLineSearchIterations" : 5,
    "miniBatch" : true,
    "minimize" : true,
    "numIterations" : 1,
    "optimizationAlgo" : "STOCHASTIC_GRADIENT_DESCENT",
    "pretrain" : false,
    "seed" : 123,
    "stepFunction" : null,
    "useDropConnect" : false,
    "useRegularization" : true,
    "variables" : [ ]
  }, {
    "cacheMode" : "NONE",
    "iterationCount" : 0,
    "l1ByParam" : {
      "b" : 0.0,
      "W" : 0.0
    },
    "l2ByParam" : {
      "b" : 0.0,
      "W" : 0.0
    },
    "layer" : {
      "FrozenLayer" : {
        "layer" : {
          "dense" : {
            "activationFn" : {
              "ReLU" : { }
            },
            "adamMeanDecay" : "NaN",
            "adamVarDecay" : "NaN",
            "biasInit" : 0.0,
            "biasLearningRate" : 5.0E-5,
            "dist" : null,
            "dropOut" : 0.0,
            "epsilon" : "NaN",
            "gradientNormalization" : "None",
            "gradientNormalizationThreshold" : 1.0,
            "iupdater" : {
              "@class" : "org.nd4j.linalg.learning.config.Nesterovs",
              "learningRate" : 0.001,
              "momentum" : 0.9
            },
            "l1" : 0.0,
            "l1Bias" : 0.0,
            "l2" : 5.0E-4,
            "l2Bias" : 0.0,
            "layerName" : "layer4",
            "learningRate" : 5.0E-5,
            "learningRateSchedule" : {
              "0" : 0.01,
              "1000" : 0.005,
              "3000" : 0.001
            },
            "momentum" : 0.9,
            "momentumSchedule" : { },
            "nin" : 800,
            "nout" : 500,
            "rho" : "NaN",
            "rmsDecay" : "NaN",
            "updater" : "NESTEROVS",
            "weightInit" : "XAVIER"
          }
        },
        "dropOut" : 0.0,
        "layerName" : "layer4"
      }
    },
    "leakyreluAlpha" : 0.0,
    "learningRateByParam" : {
      "b" : 0.0,
      "W" : 0.0
    },
    "learningRatePolicy" : "Schedule",
    "lrPolicyDecayRate" : "NaN",
    "lrPolicyPower" : "NaN",
    "lrPolicySteps" : "NaN",
    "maxNumLineSearchIterations" : 5,
    "miniBatch" : true,
    "minimize" : true,
    "numIterations" : 1,
    "optimizationAlgo" : "STOCHASTIC_GRADIENT_DESCENT",
    "pretrain" : false,
    "seed" : 123,
    "stepFunction" : null,
    "useDropConnect" : false,
    "useRegularization" : true,
    "variables" : [ "W", "b" ]
  }, {
    "cacheMode" : "NONE",
    "iterationCount" : 0,
    "l1ByParam" : {
      "b" : 0.0,
      "W" : 0.0
    },
    "l2ByParam" : {
      "b" : 0.0,
      "W" : 0.0
    },
    "layer" : {
      "output" : {
        "activationFn" : {
          "Softmax" : { }
        },
        "adamMeanDecay" : "NaN",
        "adamVarDecay" : "NaN",
        "biasInit" : 0.0,
        "biasLearningRate" : 5.0E-5,
        "dist" : null,
        "dropOut" : 0.0,
        "epsilon" : "NaN",
        "gradientNormalization" : "None",
        "gradientNormalizationThreshold" : 1.0,
        "iupdater" : {
          "@class" : "org.nd4j.linalg.learning.config.Nesterovs",
          "learningRate" : 5.0E-5,
          "momentum" : 0.9
        },
        "l1" : 0.0,
        "l1Bias" : 0.0,
        "l2" : 0.0,
        "l2Bias" : 0.0,
        "layerName" : "layer5",
        "learningRate" : 5.0E-5,
        "learningRateSchedule" : null,
        "lossFn" : {
          "NegativeLogLikelihood" : {
            "softmaxClipEps" : 1.0E-10
          }
        },
        "lossFunction" : "NEGATIVELOGLIKELIHOOD",
        "momentum" : 0.9,
        "momentumSchedule" : { },
        "nin" : 500,
        "nout" : 26,
        "rho" : "NaN",
        "rmsDecay" : "NaN",
        "updater" : "NESTEROVS",
        "weightInit" : "XAVIER"
      }
    },
    "leakyreluAlpha" : 0.0,
    "learningRateByParam" : {
      "b" : 5.0E-5,
      "W" : 5.0E-5
    },
    "learningRatePolicy" : "None",
    "lrPolicyDecayRate" : "NaN",
    "lrPolicyPower" : "NaN",
    "lrPolicySteps" : "NaN",
    "maxNumLineSearchIterations" : 5,
    "miniBatch" : true,
    "minimize" : true,
    "numIterations" : 1,
    "optimizationAlgo" : "STOCHASTIC_GRADIENT_DESCENT",
    "pretrain" : false,
    "seed" : 1514626014233,
    "stepFunction" : null,
    "useDropConnect" : false,
    "useRegularization" : false,
    "variables" : [ "W", "b" ]
  } ],
  "inferenceWorkspaceMode" : "SEPARATE",
  "inputPreProcessors" : {
    "0" : {
      "feedForwardToCnn" : {
        "inputHeight" : 28,
        "inputWidth" : 28,
        "numChannels" : 1
      }
    },
    "4" : {
      "cnnToFeedForward" : {
        "inputHeight" : 4,
        "inputWidth" : 4,
        "numChannels" : 50
      }
    }
  },
  "iterationCount" : 237800,
  "pretrain" : false,
  "tbpttBackLength" : 20,
  "tbpttFwdLength" : 20,
  "trainingWorkspaceMode" : "SEPARATE"
}